INSERT INTO `user` VALUES (1,'testuser1@test.com','user1','user1','7xyb63kC2ILEWopdoLiakOW4s8C9H5j/','ADMIN_USER');
INSERT INTO `user` VALUES (2,'testuser2@test.com','user2','user2','7xyb63kC2ILEWopdoLiakOW4s8C9H5j/','STANDARD_USER');
INSERT INTO `project` (`projectid`, `project_number`, `description`) VALUES ('1', '1', 'test');
INSERT INTO `project` (`projectid`, `project_number`, `description`) VALUES ('2', '2', 'test2');
INSERT INTO `project` (`projectid`, `project_number`) VALUES ('3', '3');

INSERT INTO matrix_dimension VALUES (1,'2D'),(2,'3D'),(3, '2.5D');
INSERT INTO `instrument` (`instrumentid`,`conversion_factor`,`name`) VALUES ('1', '1.55038','generic microscope');
INSERT INTO `magnification` VALUES (1, '10x');
INSERT INTO plate_format VALUES (1,96,12,8,8991.88),(2,48,8,6,13440.5),(3,24,6,4,19749.4),(4,12,4,3,27545.4),(5,6,3,2,40140.4);
INSERT INTO assay VALUES (1,'ORIS',1),(2,'random seeding',1),(3,'ORIS',2),(4,'mixed',2),(5,'MCTS',2);
INSERT INTO cell_line_type VALUES (5,'A431'),(4,'BT-549'),(3,'HT-1080'),(2,'MCF-7'),(1,'MDA-MB-231');
INSERT INTO `cell_line` (`cell_lineid`, `growth_medium`, `serum`, `l_cell_line_typeid`) VALUES ('1', 'DMEM', 'FBS hi', '1');
INSERT INTO `cell_line` (`cell_lineid`, `growth_medium`, `serum`, `l_cell_line_typeid`) VALUES ('2', 'RPMI 1640', 'FCS hi', '1');

INSERT INTO `bottom_matrix` (`bottom_matrixid`, `type`) VALUES ('1', 'thin gel coating');
INSERT INTO `bottom_matrix` (`bottom_matrixid`, `type`) VALUES ('2', 'gel');
INSERT INTO `ecm_composition` (`composition_typeid`, `composition_type`, `l_matrix_dimensionid`) VALUES ('1', 'Collagen I (bovine)', '1');
INSERT INTO `ecm_composition` (`composition_typeid`, `composition_type`, `l_matrix_dimensionid`) VALUES ('2', 'Collagen I (human)', '1');
INSERT INTO `ecm_composition` (`composition_typeid`, `composition_type`, `l_matrix_dimensionid`) VALUES ('3', 'Collagen I (rat tail)', '2');
INSERT INTO `ecm_composition` (`composition_typeid`, `composition_type`, `l_matrix_dimensionid`) VALUES ('4', 'Laminin I (mouse)', '1');
INSERT INTO `ecm_composition` (`composition_typeid`, `composition_type`, `l_matrix_dimensionid`) VALUES ('5', 'Laminin I (mouse)', '2');
INSERT INTO `ecm_composition` (`composition_typeid`, `composition_type`, `l_matrix_dimensionid`) VALUES ('6', 'Vitronectin (human)', '1');
INSERT INTO `ecm_composition` (`composition_typeid`, `composition_type`, `l_matrix_dimensionid`) VALUES ('7', 'BD Matrigel (mouse)', '2');
INSERT INTO `ecm_composition` (`composition_typeid`, `composition_type`, `l_matrix_dimensionid`) VALUES ('8', 'Collagen IV (human)', '1');
INSERT INTO `ecm_composition` (`composition_typeid`, `composition_type`, `l_matrix_dimensionid`) VALUES ('9', 'Collagen IV (mouse)', '1');
INSERT INTO `ecm_composition` (`composition_typeid`, `composition_type`, `l_matrix_dimensionid`) VALUES ('10', 'Fibronectin (human)', '1');
INSERT INTO `ecm_composition` (`composition_typeid`, `composition_type`, `l_matrix_dimensionid`) VALUES ('11', 'Fibronectin (bovine)', '1');
INSERT INTO `ecm_composition` (`composition_typeid`, `composition_type`, `l_matrix_dimensionid`) VALUES ('12', 'Nutragen', '2');
INSERT INTO `ecm_composition` (`composition_typeid`, `composition_type`, `l_matrix_dimensionid`) VALUES ('13', 'Collagen I (rat tail)', '1');
INSERT INTO `ecm_composition` (`composition_typeid`, `composition_type`, `l_matrix_dimensionid`) VALUES ('14', 'Collagen I (rat tail)', '3');
INSERT INTO `ecm_composition` (`composition_typeid`, `composition_type`, `l_matrix_dimensionid`) VALUES ('15', 'Laminin I (mouse)', '3');
INSERT INTO `ecm_composition` (`composition_typeid`, `composition_type`, `l_matrix_dimensionid`) VALUES ('16', 'BD Matrigel (mouse)', '3');
INSERT INTO `ecm_composition` (`composition_typeid`, `composition_type`, `l_matrix_dimensionid`) VALUES ('17', 'Nutragen', '3');
INSERT INTO ecm_density VALUES (1,1),(2,2),(3,4);
INSERT INTO `ecm` (`ecmid`, `polymerisation_ph`, `l_composition_typeid`) VALUES ('1', 'phys.', '1');
INSERT INTO `ecm` (`ecmid`, `polymerisation_ph`, `l_composition_typeid`) VALUES ('2', 'high', '1');